,AT,CC,GD,JR,ML,NL,RK,SC,YY
AT,,0.6770833333333334,0.6541666666666667,0.7083333333333334,0.7458333333333335,0.7152777777777777,0.6909722222222222,0.7291666666666666,0.7708333333333334
CC,0.6944444444444445,,0.6541666666666666,0.7083333333333334,0.7541666666666665,0.7291666666666665,0.690972222222222,0.7083333333333334,0.75
GD,0.701388888888889,0.65625,,0.7166666666666667,0.7625000000000001,0.7013888888888888,0.6944444444444443,0.7083333333333334,0.765625
JR,0.7083333333333334,0.671875,0.6458333333333333,,0.7583333333333333,0.7291666666666665,0.6805555555555555,0.7239583333333334,0.7708333333333334
ML,0.7152777777777778,0.6770833333333334,0.6416666666666667,0.7125,,0.7499999999999999,0.6840277777777778,0.7083333333333334,0.765625
NL,0.7152777777777778,0.6614583333333334,0.6583333333333333,0.7125,0.75,,0.6944444444444445,0.7239583333333334,0.75
RK,0.701388888888889,0.6770833333333334,0.65,0.7125,0.7583333333333334,0.7152777777777777,,0.7083333333333334,0.7552083333333334
SC,0.6944444444444446,0.6614583333333334,0.6625,0.7041666666666667,0.7583333333333333,0.7222222222222222,0.6909722222222223,,0.765625
YY,0.7152777777777777,0.6614583333333334,0.6416666666666666,0.7250000000000001,0.7500000000000001,0.7222222222222222,0.6770833333333334,0.703125,
