,AT,CC,GD,JR,ML,NL,RK,SC,YY
AT,,0.4930555555555555,0.5138888888888888,0.4791666666666667,0.4791666666666667,0.5277777777777778,0.5347222222222222,0.5416666666666666,0.5347222222222222
CC,0.4947916666666667,,0.5416666666666666,0.5208333333333334,0.46875,0.4895833333333333,0.515625,0.5364583333333334,0.5052083333333334
GD,0.5458333333333333,0.5083333333333334,,0.48750000000000004,0.4666666666666666,0.5166666666666666,0.5291666666666667,0.5291666666666666,0.5458333333333333
JR,0.47083333333333344,0.5000000000000001,0.5208333333333333,,0.45,0.5,0.49583333333333335,0.44166666666666665,0.5333333333333332
ML,0.5083333333333334,0.5125000000000001,0.5041666666666668,0.4666666666666666,,0.5041666666666668,0.48333333333333345,0.5166666666666667,0.5
NL,0.5069444444444445,0.513888888888889,0.48611111111111116,0.4861111111111111,0.4930555555555555,,0.5138888888888888,0.47222222222222215,0.4861111111111111
RK,0.4791666666666667,0.4791666666666667,0.5277777777777778,0.5381944444444444,0.5243055555555556,0.5243055555555555,,0.5104166666666666,0.517361111111111
SC,0.5,0.53125,0.5052083333333334,0.4583333333333333,0.5052083333333334,0.515625,0.4947916666666667,,0.4947916666666667
YY,0.5677083333333334,0.5,0.53125,0.4895833333333333,0.484375,0.515625,0.484375,0.4791666666666667,
