,AT,CC,GD,JR,ML,NL,RK,SC,YY
AT,,0.6666666666666666,0.5,0.5,0.5,0.5,0.5,0.5833333333333334,0.5833333333333334
CC,0.6875,,0.5625,0.5,0.5,0.625,0.5625,0.5,0.5625
GD,0.45,0.5,,0.5,0.45,0.55,0.45,0.4,0.55
JR,0.55,0.45,0.55,,0.65,0.5,0.45,0.55,0.5
ML,0.6,0.65,0.55,0.7,,0.75,0.5,0.5,0.65
NL,0.6666666666666666,0.8333333333333334,0.6666666666666666,0.5833333333333334,0.6666666666666666,,0.6666666666666666,0.5833333333333334,0.6666666666666666
RK,0.5833333333333334,0.5416666666666666,0.5416666666666666,0.5416666666666666,0.5833333333333334,0.5416666666666666,,0.625,0.5833333333333334
SC,0.375,0.5625,0.5625,0.5625,0.5625,0.5625,0.5625,,0.5
YY,0.5625,0.6875,0.5,0.5625,0.5625,0.5625,0.4375,0.5,
