,CC,GD,JM,JS,NL,RK,SC,YY
CC,,0.7222222222222222,0.7291666666666666,0.7013888888888888,0.7430555555555557,0.75,0.7135416666666666,0.7135416666666666
GD,0.7239583333333334,,0.7222222222222223,0.7152777777777778,0.7361111111111112,0.7222222222222222,0.7239583333333334,0.7239583333333334
JM,0.7291666666666666,0.7361111111111112,,0.6944444444444443,0.7430555555555555,0.7152777777777778,0.7239583333333334,0.7135416666666666
JS,0.71875,0.7152777777777778,0.6944444444444445,,0.7291666666666665,0.7083333333333334,0.71875,0.7291666666666666
NL,0.7083333333333334,0.7361111111111112,0.6875,0.7152777777777778,,0.7222222222222223,0.6979166666666666,0.671875
RK,0.71875,0.7499999999999999,0.6944444444444445,0.6944444444444443,0.7222222222222222,,0.7395833333333334,0.71875
SC,0.7291666666666666,0.7291666666666665,0.7291666666666666,0.7083333333333334,0.7222222222222222,0.75,,0.71875
YY,0.7135416666666666,0.7152777777777777,0.7083333333333334,0.7013888888888888,0.7222222222222222,0.7083333333333331,0.6979166666666666,
