,CC,GD,JM,JS,NL,RK,SC,YY
CC,,0.46875,0.6015625,0.5234375,0.40625,0.453125,0.5859375,0.4296875
GD,0.46875,,0.48958333333333337,0.5208333333333334,0.5104166666666667,0.5520833333333333,0.5416666666666667,0.5
JM,0.5833333333333334,0.5104166666666667,,0.5520833333333334,0.5,0.5,0.5104166666666667,0.5104166666666667
JS,0.5,0.5208333333333334,0.5833333333333334,,0.5104166666666667,0.5520833333333334,0.5104166666666667,0.5
NL,0.46875,0.5625,0.5104166666666666,0.53125,,0.5,0.5,0.53125
RK,0.5520833333333333,0.46874999999999994,0.5625,0.5833333333333335,0.5520833333333334,,0.65625,0.5833333333333333
SC,0.5703125,0.5234375,0.5546875,0.578125,0.5859375,0.5859375,,0.5390625
YY,0.5078125,0.5546875,0.46875,0.5703125,0.4921875,0.53125,0.53125,
