,AT,CC,GD,JR,ML,NL,RK,SC,YY
AT,,0.5,0.5833333333333334,0.6666666666666666,0.5,0.5,0.6666666666666666,0.5833333333333334,0.8333333333333334
CC,0.5625,,0.5625,0.5,0.5,0.5625,0.5,0.375,0.625
GD,0.6,0.75,,0.65,0.5,0.65,0.65,0.55,0.65
JR,0.55,0.5,0.6,,0.55,0.65,0.55,0.5,0.45
ML,0.35,0.4,0.45,0.45,,0.4,0.45,0.35,0.4
NL,0.25,0.4166666666666667,0.25,0.5833333333333334,0.4166666666666667,,0.5833333333333334,0.6666666666666666,0.4166666666666667
RK,0.5416666666666666,0.625,0.5833333333333334,0.5416666666666666,0.4166666666666667,0.5416666666666666,,0.5,0.6666666666666666
SC,0.5625,0.5,0.5,0.5625,0.4375,0.5625,0.5,,0.5
YY,0.5,0.625,0.625,0.5,0.375,0.625,0.8125,0.5,
