,CC,GD,JM,JS,NL,RK,SC,YY
CC,,0.3125,0.5,0.3125,0.3125,0.3125,0.5625,0.25
GD,0.4166666666666667,,0.4166666666666667,0.4166666666666667,0.4166666666666667,0.6666666666666666,0.4166666666666667,0.4166666666666667
JM,0.5,0.5833333333333334,,0.5,0.5833333333333334,0.5,0.5,0.5
JS,0.5,0.5833333333333334,0.5833333333333334,,0.5833333333333334,0.5833333333333334,0.5,0.5
NL,0.5,0.5833333333333334,0.3333333333333333,0.5833333333333334,,0.5833333333333334,0.5,0.6666666666666666
RK,0.5833333333333334,0.5833333333333334,0.5,0.5,0.4166666666666667,,0.5,0.4166666666666667
SC,0.6875,0.5625,0.4375,0.625,0.625,0.5,,0.5
YY,0.4375,0.4375,0.4375,0.5625,0.375,0.4375,0.5625,
